8102b22,Andreas Mallios,andreas@mallios.eu,add Final Report
e5a85e2,Andreas Mallios,andreas@mallios.eu,add User Manual
d35b5a6,rdeswardt,rdeswardt@gmail.com,Merge branch 'main' of https://github.com/amallios/studybuddy into main
5e8e37e,rdeswardt,rdeswardt@gmail.com,Return All modules on get modules
035e87e,Massimo Mistretta,maxdolphin@gmail.com,Added information to several sections of the document in accordance with Andreas guidelines
903549a,rdeswardt,rdeswardt@gmail.com,Adding Type to task used by Front-end to display progress
8be6ca4,swalinh,swalinhany@hotmail.com,Front-end
a36c640,andreas,andreas@mallios.eu,add report
63c4b8a,rdeswardt,rdeswardt@gmail.com,Unit tests Methods
5111ea1,rdeswardt,rdeswardt@gmail.com,Unit Tests
b8e7eab,rdeswardt,rdeswardt@gmail.com,Class Diagram updates
af873c2,rdeswardt,rdeswardt@gmail.com,Module Fix for adding items insteaqd of object in call to controller and Tasks
0da6880,rdeswardt,rdeswardt@gmail.com,Task Implementation
3473e17,rdeswardt,rdeswardt@gmail.com,Exception Handling change
705f2d2,rdeswardt,rdeswardt@gmail.com,Fix for issue with Module remove
bd08cf3,rdeswardt,rdeswardt@gmail.com,Module Controller and Methods
a7699ca,rdeswardt,rdeswardt@gmail.com,Module comments
20f1514,rdeswardt,rdeswardt@gmail.com,Login Example
af51fda,rdeswardt,rdeswardt@gmail.com,Merge branch 'main' of https://github.com/amallios/studybuddy into main
2845e48,rdeswardt,rdeswardt@gmail.com,Revert "Login Example"
d972e8c,rdeswardt,rdeswardt@gmail.com,Login Example
12fee96,swalinh,swalinhany@hotmail.com,Merge branch 'main' of https://github.com/amallios/studybuddy into main
5d70de7,swalinh,88534431+swalinh@users.noreply.github.com,Update sign.html
dcddb43,swalinh,swalinhany@hotmail.com,Merge branch 'main' of https://github.com/amallios/studybuddy into main
b007b69,swalinh,swalinhany@hotmail.com,Front End Design
0b551dc,rdeswardt,rdeswardt@gmail.com,Module Changes to return modules per user
97d664f,rdeswardt,rdeswardt@gmail.com,Merge branch 'main' of https://github.com/amallios/studybuddy into main
4bc2f48,rdeswardt,rdeswardt@gmail.com,Interface changes and respository chnages for Module and Tasks
a397078,swalinh,swalinhany@hotmail.com,Sign In and Sign Up
03289f8,rdeswardt,rdeswardt@gmail.com,Updated Azure internet URL
803ad92,rdeswardt,rdeswardt@gmail.com,Merge branch 'main' of https://github.com/amallios/studybuddy into main
d788307,rdeswardt,rdeswardt@gmail.com,Changes for Azure url to be in email for activate
becec26,swalinh,swalinhany@hotmail.com,Change Home image
9d76e8b,swalinh,swalinhany@hotmail.com,Fix Front-End Paths
3d8d037,rdeswardt,rdeswardt@gmail.com,Solution files
088af58,rdeswardt,rdeswardt@gmail.com,Front End Examples
3122435,rdeswardt,rdeswardt@gmail.com,Revert "Front End Examples Calls"
ea51ce2,rdeswardt,rdeswardt@gmail.com,Front End Examples Calls
259cb08,rdeswardt,rdeswardt@gmail.com,Module and Task controller init
1946f61,rdeswardt,rdeswardt@gmail.com,Usermodule completion
d08a0d5,rdeswardt,rdeswardt@gmail.com,User functions Authentication
ecc75c1,rdeswardt,rdeswardt@gmail.com,User Functionality
abd85b2,rdeswardt,rdeswardt@gmail.com,Controller code and getting users from SQL Azure Database
5279cfa,rdeswardt,rdeswardt@gmail.com,Database Context and Models and Repository Interface
7ec31fe,rdeswardt,rdeswardt@gmail.com,Database Update to tables and ERD diagram
ce8beb9,rdeswardt,rdeswardt@gmail.com,Database Tables for Modules and Tasks and Roles
8031809,rdeswardt,rdeswardt@gmail.com,UserRole Changes
4ffe12a,rdeswardt,rdeswardt@gmail.com,Remove ignored files
cd6cc8e,rdeswardt,rdeswardt@gmail.com,SQL azure commit
cf4aa32,rdeswardt,rdeswardt@gmail.com,Test FE change
7620fb6,rdeswardt,rdeswardt@gmail.com,Front-end Reference Files
bf45bb0,rdeswardt,rdeswardt@gmail.com,Initial REST API project drop
76527b3,rdeswardt,rdeswardt@gmail.com,Front-en File reference
d712103,rdeswardt,rdeswardt@gmail.com,User File commit
fc5ab72,rdeswardt,rdeswardt@gmail.com,Database Project
f873fab,rdeswardt,rdeswardt@gmail.com,Unit test Project
e7e7388,rdeswardt,rdeswardt@gmail.com,Visual studio Solution
39cb9a3,rdeswardt,rdeswardt@gmail.com,Project Structure changes
0da540f,swalinh,swalinhany@hotmail.com,Merge branch 'main' of https://github.com/amallios/studybuddy into main
cb1a5ea,swalinh,swalinhany@hotmail.com,Fron-end
63d8927,Ozhj,44302129+ohzj@users.noreply.github.com,DB's Entity Relationship Diagram
b71040f,swalinh,swalinhany@hotmail.com,css
beca761,swalinh,swalinhany@hotmail.com,Merge branch 'main' of https://github.com/amallios/studybuddy into main
6942227,swalinh,swalinhany@hotmail.com,css
cb7a3d3,swalinh,88534431+swalinh@users.noreply.github.com,Add files via upload
d8888d4,swalinh,88534431+swalinh@users.noreply.github.com,Add files via upload
04cbb80,swalinh,swalinhany@hotmail.com,Merge branch 'main' of https://github.com/amallios/studybuddy into main
b4f0596,swalinh,swalinhany@hotmail.com,css
ec3f529,swalinh,88534431+swalinh@users.noreply.github.com,Create logo.png
889a9bc,swalinh,88534431+swalinh@users.noreply.github.com,Delete logo.png
af2e021,swalinh,88534431+swalinh@users.noreply.github.com,Delete logo.png
53945f0,swalinh,88534431+swalinh@users.noreply.github.com,Create logo.png
d1289c3,swalinh,88534431+swalinh@users.noreply.github.com,Add files via upload
419dbe1,swalinh,88534431+swalinh@users.noreply.github.com,Delete images
5f4e6af,swalinh,88534431+swalinh@users.noreply.github.com,Create images
50975b5,swalinh,swalinhany@hotmail.com,read css file
74a29eb,swalinh,swalinhany@hotmail.com,header
9008c16,swalinh,88534431+swalinh@users.noreply.github.com,Rename HTML/index.html to html/index.html
d2a7227,swalinh,88534431+swalinh@users.noreply.github.com,Rename CSS/style.css to css/style.css
415dee5,swalinh,swalinhany@hotmail.com,test
5a9be66,swalinh,88534431+swalinh@users.noreply.github.com,Update normalize.css
0db0d54,swalinh,88534431+swalinh@users.noreply.github.com,Create normalize.css
a7f1063,swalinh,88534431+swalinh@users.noreply.github.com,Rename index.html* to index.html
f852898,swalinh,88534431+swalinh@users.noreply.github.com,Create main.css
a782163,swalinh,88534431+swalinh@users.noreply.github.com,Rename index.html to HTML/index.html*
7c05616,swalinh,88534431+swalinh@users.noreply.github.com,Delete HTML
56d3ecc,swalinh,88534431+swalinh@users.noreply.github.com,Create HTML
697599a,Andreas Mallios,andreas@iMac.fritz.box,initialise app - hello world
a693c16,Andreas Mallios,60031496+amallios@users.noreply.github.com,Initial commit