{
  "dependencies": {
    "secrets1": {
      "type": "secrets.user"
    },
    "mssql1": {
      "resourceId": "/subscriptions/[parameters('subscriptionId')]/resourceGroups/[parameters('resourceGroupName')]/providers/Microsoft.Sql/servers/studybuddysql/databases/studybuddy",
      "type": "mssql.azure",
      "connectionId": "StudyBuddyDBConnection",
      "secretStore": "LocalSecretsFile"
    },
    "mssql2": {
      "resourceId": "/subscriptions/[parameters('subscriptionId')]/resourceGroups/[parameters('resourceGroupName')]/providers/Microsoft.Sql/servers/studybuddysql/databases/studybuddy",
      "type": "mssql.azure",
      "connectionId": "ConnectionStrings:StudyBuddyDBConnection",
      "secretStore": "LocalSecretsFile"
    }
  }
}