{
  "dependencies": {
    "apis1": {
      "resourceId": "/subscriptions/[parameters('subscriptionId')]/resourceGroups/[parameters('resourceGroupName')]/providers/Microsoft.ApiManagement/service/StudyBuddyAPIapi/apis/StudyBuddyAPI",
      "type": "apis.azure"
    },
    "mssql1": {
      "resourceId": "/subscriptions/[parameters('subscriptionId')]/resourceGroups/[parameters('resourceGroupName')]/providers/Microsoft.Sql/servers/studybuddysql/databases/studybuddy",
      "type": "mssql.azure",
      "connectionId": "StudyBuddyDBConnection",
      "secretStore": "AzureAppSettings"
    },
    "mssql2": {
      "resourceId": "/subscriptions/[parameters('subscriptionId')]/resourceGroups/[parameters('resourceGroupName')]/providers/Microsoft.Sql/servers/studybuddysql/databases/studybuddy",
      "type": "mssql.azure",
      "connectionId": "ConnectionStrings:StudyBuddyDBConnection",
      "secretStore": "AzureAppSettings"
    },
    "secrets1": {
      "resourceId": "/subscriptions/[parameters('subscriptionId')]/resourceGroups/[parameters('resourceGroupName')]/providers/Microsoft.KeyVault/vaults/StudyBuddyAPIvault",
      "type": "secrets.keyVault",
      "connectionId": "VaultUri",
      "secretStore": "AzureAppSettings"
    }
  }
}